{"random_state": 0, "edge_weight_metric": "edge_weight_metric", "data_type": "json", "edge_weight_threshold": -Infinity, "louvain_accuracy": 34.02061855670103, "betweenness_centrality": [0.0, 0.0, 0.0, 0.0, 0.0, 0.0, 0.0, 0.0, 0.0, 0.0, 0.0, 0.0, 0.0, 0.0, 0.0, 0.0, 0.0, 0.0, 0.0, 0.0, 0.0, 0.0, 0.0, 0.0, 0.0, 0.0, 0.0, 0.0, 0.0, 0.0, 0.0, 0.0, 0.0, 0.0, 0.0, 0.0, 0.0, 0.0, 0.0, 0.0, 0.0, 0.0, 0.0, 0.0, 0.0, 0.0, 0.0, 0.0, 0.0, 0.0, 0.0, 0.0, 0.0, 0.0, 0.0, 0.0, 0.0, 0.0, 0.0, 0.0, 0.0, 0.0, 0.0, 0.0, 0.0, 0.0, 0.0, 0.0, 0.0, 0.0, 0.0, 0.0, 0.0, 0.0, 0.0, 0.0, 0.0, 0.0, 0.0, 0.0, 0.0, 0.0, 0.0, 0.0, 0.0, 0.0, 0.0, 0.0, 0.0, 0.0, 0.0, 0.0, 0.0, 0.0, 0.0, 0.0, 0.0], "betweenness_artist_names": [0, 49, 71, 70, 69, 68, 67, 66, 65, 64, 63, 62, 61, 60, 59, 58, 57, 56, 55, 54, 53, 52, 51, 72, 73, 74, 86, 95, 94, 93, 92, 91, 90, 89, 88, 87, 85, 75, 84, 83, 82, 81, 80, 79, 78, 77, 76, 50, 48, 1, 47, 22, 21, 20, 19, 18, 17, 16, 15, 14, 13, 12, 11, 10, 9, 8, 7, 6, 5, 4, 3, 2, 23, 24, 25, 37, 46, 45, 44, 43, 42, 41, 40, 39, 38, 36, 26, 35, 34, 33, 32, 31, 30, 29, 28, 27, 96], "degree_centrality": [884.2434516874238, 500.2886495998565, 485.4428415558549, 484.91065364297106, 438.8161589892523, 430.89361485799645, 429.4075246974524, 414.42080230935284, 407.2915519446276, 393.7292383959243, 382.56044389946175, 377.03410022294617, 365.4787840460879, 363.3845717832148, 362.3548859699541, 356.9419527545316, 356.5909474100501, 355.17236343569806, 354.61128113072823, 350.7446207210253, 348.7374093164854, 348.6233694052124, 348.01983584399983, 347.92590972981833, 347.4742246625507, 345.61494885994125, 337.9477008222198, 335.07896987221017, 333.6501803990168, 330.98702067417696, 328.0570958370523, 325.78293073742367, 325.4709278124304, 322.95357239577, 318.7481119872644, 318.2186545366076, 316.22220965254047, 315.1129776397168, 315.0383456698964, 313.2537534278393, 312.4728766265664, 311.6049383698475, 311.5272879229135, 311.2300740168458, 309.05195742786253, 307.5911697989214, 305.6750328189961, 305.5030086464062, 305.1613349548737, 305.09047877727926, 303.68405717171345, 303.3138500536435, 300.71813002975284, 298.58157914938766, 297.99029668751103, 293.85670459207955, 293.12368553308875, 292.7458938029656, 289.9204045697814, 289.34168156450346, 289.330180253115, 288.20064947659785, 288.020400473075, 287.92875152006025, 287.18437201581645, 286.9356096105473, 282.93498196278716, 280.2845888867977, 279.853228194595, 278.67830791713214, 278.53339869162494, 276.89882602728306, 276.123176082932, 275.96029172660565, 275.3759613136105, 274.96572593436645, 273.7744811387643, 273.5723971627519, 272.4098552315273, 270.47042970184975, 270.34834851005587, 270.3408641276085, 269.58547305756065, 268.3443971191033, 268.1826114260006, 266.7292262114518, 265.0588692434239, 265.0370634930679, 264.83944535978935, 262.3141831003324, 259.87482156114237, 259.3280214069337, 258.5089667918929, 254.0679992715584, 252.84641263324593, 251.91201800188702, 242.02407722971512], "degree_artist_names": [51, 74, 71, 70, 28, 20, 94, 31, 73, 93, 45, 19, 64, 3, 92, 60, 1, 69, 27, 10, 40, 76, 62, 85, 61, 58, 13, 83, 87, 49, 12, 78, 50, 26, 6, 24, 65, 22, 15, 44, 2, 23, 88, 48, 37, 30, 54, 66, 57, 79, 53, 43, 52, 11, 7, 36, 8, 80, 77, 32, 4, 46, 86, 5, 34, 63, 72, 91, 17, 95, 47, 14, 16, 55, 41, 84, 21, 9, 68, 89, 59, 25, 29, 96, 42, 39, 35, 90, 33, 81, 18, 0, 75, 82, 56, 67, 38]}