{"random_state": 0, "edge_weight_metric": "edge_weight_metric", "data_type": "json", "edge_weight_threshold": -Infinity, "louvain_accuracy": 35.051546391752574, "betweenness_centrality": [0.0, 0.0, 0.0, 0.0, 0.0, 0.0, 0.0, 0.0, 0.0, 0.0, 0.0, 0.0, 0.0, 0.0, 0.0, 0.0, 0.0, 0.0, 0.0, 0.0, 0.0, 0.0, 0.0, 0.0, 0.0, 0.0, 0.0, 0.0, 0.0, 0.0, 0.0, 0.0, 0.0, 0.0, 0.0, 0.0, 0.0, 0.0, 0.0, 0.0, 0.0, 0.0, 0.0, 0.0, 0.0, 0.0, 0.0, 0.0, 0.0, 0.0, 0.0, 0.0, 0.0, 0.0, 0.0, 0.0, 0.0, 0.0, 0.0, 0.0, 0.0, 0.0, 0.0, 0.0, 0.0, 0.0, 0.0, 0.0, 0.0, 0.0, 0.0, 0.0, 0.0, 0.0, 0.0, 0.0, 0.0, 0.0, 0.0, 0.0, 0.0, 0.0, 0.0, 0.0, 0.0, 0.0, 0.0, 0.0, 0.0, 0.0, 0.0, 0.0, 0.0, 0.0, 0.0, 0.0, 0.0], "betweenness_artist_names": [0, 49, 71, 70, 69, 68, 67, 66, 65, 64, 63, 62, 61, 60, 59, 58, 57, 56, 55, 54, 53, 52, 51, 72, 73, 74, 86, 95, 94, 93, 92, 91, 90, 89, 88, 87, 85, 75, 84, 83, 82, 81, 80, 79, 78, 77, 76, 50, 48, 1, 47, 22, 21, 20, 19, 18, 17, 16, 15, 14, 13, 12, 11, 10, 9, 8, 7, 6, 5, 4, 3, 2, 23, 24, 25, 37, 46, 45, 44, 43, 42, 41, 40, 39, 38, 36, 26, 35, 34, 33, 32, 31, 30, 29, 28, 27, 96], "degree_centrality": [822.6254149820005, 392.67025840846384, 386.7494055058293, 335.84992272713083, 316.18131443012965, 253.8716370264209, 250.7109195497181, 239.42813778776926, 234.73453053821567, 233.4658430379918, 233.05957308479108, 231.26450210080307, 230.56585137332434, 228.5543399870546, 227.26021287929757, 226.8673132666152, 226.64228587387828, 224.3570154757343, 222.03118459924406, 219.00076987157948, 218.48594219098447, 211.60673953129842, 211.49846695030067, 210.56396427651495, 208.57944961996748, 208.34814142061802, 205.92661459568671, 203.67846304326483, 203.25279147239428, 203.20474802074904, 202.79661931899253, 201.6711673981159, 201.03988683718424, 200.96839960544366, 200.57294745839548, 200.0761570029409, 198.62714164776133, 195.14644976189084, 193.46023953560623, 193.38970310003242, 191.62264917275624, 191.42930677454893, 191.1379502097634, 190.67723883135764, 190.25968302640428, 190.0119006644372, 189.67583609883866, 189.46174581643405, 188.49698536286792, 187.41637882067045, 186.6571618781709, 186.20073454176705, 185.85346304996673, 185.60951245558408, 184.3136607806918, 183.56818756236189, 183.38820828911628, 183.28162930950637, 182.69798695434275, 182.10170647892943, 181.7978729837192, 180.89337947278048, 180.6648194547302, 179.6402531298342, 179.35359415767184, 179.253229222077, 178.98658149740618, 177.14800545929336, 176.75612692762925, 176.27887681147007, 176.17576131392565, 176.11758237475783, 175.95383107840647, 175.51022808975966, 174.56637331561092, 173.6853320140183, 173.6487453773929, 173.40556308534948, 173.2195986825903, 173.09337769870632, 172.6021751819448, 171.94971422238802, 171.61886478861612, 170.6990988385083, 170.55326771697437, 170.06972791594927, 168.97201572599454, 167.98216464230015, 167.10242800000168, 166.8547000842108, 164.66714957005775, 164.18097903431104, 160.7626842655803, 160.70895474387112, 160.3212280308103, 159.03585330276286, 158.64658794200125], "degree_artist_names": [51, 70, 74, 71, 94, 93, 64, 28, 20, 45, 27, 31, 3, 92, 73, 1, 60, 19, 69, 58, 83, 85, 49, 26, 61, 10, 62, 40, 48, 76, 87, 13, 7, 23, 12, 78, 66, 57, 11, 15, 37, 65, 46, 2, 30, 32, 50, 6, 53, 36, 54, 52, 4, 24, 16, 86, 88, 5, 8, 43, 22, 34, 79, 80, 63, 25, 84, 41, 77, 39, 9, 44, 89, 17, 68, 29, 90, 59, 42, 21, 55, 47, 35, 33, 14, 82, 72, 96, 91, 81, 67, 95, 75, 0, 18, 38, 56]}