{"random_state": 0, "edge_weight_metric": "edge_weight_metric", "data_type": "matrix", "edge_weight_threshold": 0.2, "louvain_accuracy": 80.31496062992126, "betweenness_centrality": [0.06657142857142857, 0.0037142857142857142, 0.002634920634920635, 0.002634920634920635, 0.0013968253968253965, 0.0008510135367278224, 0.0008510135367278224, 0.0008510135367278224, 0.0008510135367278224, 0.0008510135367278224, 0.0008510135367278224, 0.0008510135367278224, 0.0008510135367278224, 0.0008510135367278224, 0.0008510135367278224, 0.0008510135367278224, 0.0005508692365835223, 0.0005508692365835223, 0.0005508692365835223, 0.00016084656084656084, 0.0, 0.0, 0.0, 0.0, 0.0, 0.0, 0.0, 0.0, 0.0, 0.0, 0.0, 0.0, 0.0, 0.0, 0.0, 0.0, 0.0, 0.0, 0.0, 0.0, 0.0, 0.0, 0.0, 0.0, 0.0, 0.0, 0.0, 0.0, 0.0, 0.0, 0.0, 0.0, 0.0, 0.0, 0.0, 0.0, 0.0, 0.0, 0.0, 0.0, 0.0, 0.0, 0.0, 0.0, 0.0, 0.0, 0.0, 0.0, 0.0, 0.0, 0.0, 0.0, 0.0, 0.0, 0.0, 0.0, 0.0, 0.0, 0.0, 0.0, 0.0, 0.0, 0.0, 0.0, 0.0, 0.0, 0.0, 0.0, 0.0, 0.0, 0.0, 0.0, 0.0, 0.0, 0.0, 0.0, 0.0, 0.0, 0.0, 0.0, 0.0, 0.0, 0.0, 0.0, 0.0, 0.0, 0.0, 0.0, 0.0, 0.0, 0.0, 0.0, 0.0, 0.0, 0.0, 0.0, 0.0, 0.0, 0.0, 0.0, 0.0, 0.0, 0.0, 0.0, 0.0, 0.0, 0.0], "betweenness_artist_names": [35, 114, 117, 116, 29, 126, 107, 2, 97, 47, 1, 50, 25, 75, 105, 77, 53, 122, 72, 37, 79, 90, 89, 70, 88, 71, 87, 86, 85, 80, 84, 73, 74, 83, 76, 82, 78, 92, 81, 91, 96, 93, 110, 125, 124, 123, 121, 120, 119, 118, 115, 113, 112, 111, 109, 94, 108, 106, 104, 103, 102, 101, 100, 99, 98, 68, 95, 69, 0, 67, 16, 30, 28, 27, 26, 24, 23, 22, 21, 20, 19, 18, 17, 15, 66, 14, 13, 12, 11, 10, 9, 8, 7, 6, 5, 4, 3, 31, 32, 33, 34, 65, 64, 62, 61, 60, 59, 58, 57, 56, 55, 54, 52, 51, 49, 48, 46, 45, 44, 43, 42, 41, 40, 39, 38, 36, 63], "degree_centrality": [7.609568364896279, 3.253225839166703, 3.0314588811764818, 2.98098641948047, 2.343176780833822, 1.189296593255836, 1.1821474632076363, 1.1761032750400824, 1.1343585729340053, 1.1178507887440823, 1.1104706549143188, 1.0987798926347185, 1.0981433728421703, 1.0963711703629349, 1.0712396861940547, 1.0653293384366769, 0.8544796197010355, 0.8531517500903205, 0.8493713590344716, 0.4325228399515284, 0.2291163956047787, 0.2288872681675237, 0.22844034827566073, 0.22702383832089912, 0.22655953819032704, 0.22407004738823377, 0.2220946975120549, 0.219246443038554, 0.21325417661866197, 0.21316797542248256, 0.21204384301868506, 0.2111088864138434, 0.21056185377511039, 0.20889520757304902, 0.20639386535552695, 0.20407907702809713, 0.202510177488209, 0.20134626901818575, 0.0, 0.0, 0.0, 0.0, 0.0, 0.0, 0.0, 0.0, 0.0, 0.0, 0.0, 0.0, 0.0, 0.0, 0.0, 0.0, 0.0, 0.0, 0.0, 0.0, 0.0, 0.0, 0.0, 0.0, 0.0, 0.0, 0.0, 0.0, 0.0, 0.0, 0.0, 0.0, 0.0, 0.0, 0.0, 0.0, 0.0, 0.0, 0.0, 0.0, 0.0, 0.0, 0.0, 0.0, 0.0, 0.0, 0.0, 0.0, 0.0, 0.0, 0.0, 0.0, 0.0, 0.0, 0.0, 0.0, 0.0, 0.0, 0.0, 0.0, 0.0, 0.0, 0.0, 0.0, 0.0, 0.0, 0.0, 0.0, 0.0, 0.0, 0.0, 0.0, 0.0, 0.0, 0.0, 0.0, 0.0, 0.0, 0.0, 0.0, 0.0, 0.0, 0.0, 0.0, 0.0, 0.0, 0.0, 0.0, 0.0], "degree_artist_names": [35, 114, 116, 117, 29, 2, 77, 97, 75, 126, 47, 1, 25, 50, 107, 105, 72, 53, 122, 37, 18, 44, 106, 63, 78, 109, 110, 92, 62, 40, 14, 98, 61, 81, 112, 102, 26, 101, 89, 90, 96, 95, 94, 93, 80, 82, 83, 84, 85, 86, 87, 88, 91, 10, 24, 99, 5, 125, 124, 123, 3, 121, 120, 119, 118, 4, 115, 100, 6, 113, 111, 108, 7, 8, 9, 104, 103, 79, 12, 11, 76, 48, 17, 46, 45, 19, 43, 42, 41, 39, 38, 20, 36, 21, 34, 33, 32, 31, 30, 22, 28, 27, 49, 16, 51, 66, 23, 74, 73, 13, 71, 70, 69, 68, 67, 65, 52, 64, 60, 59, 58, 57, 56, 55, 54, 15, 0]}